[
  {
    "inputs": [
      {
        "internalType": "Token",
        "name": "usdc_",
        "type": "bytes32"
      },
      {
        "internalType": "contract VC",
        "name": "vc_",
        "type": "address"
      },
      {
        "internalType": "contract ConstantProductPoolFactory",
        "name": "factory_",
        "type": "address"
      },
      {
        "internalType": "contract WombatRegistry",
        "name": "wombatRegistry_",
        "type": "address"
      },
      {
        "internalType": "contract VelocoreLens",
        "name": "lens_",
        "type": "address"
      }
    ],
    "stateMutability": "nonpayable",
    "type": "constructor"
  },
  {
    "anonymous": false,
    "inputs": [
      {
        "indexed": true,
        "internalType": "contract IGauge",
        "name": "gauge",
        "type": "address"
      },
      {
        "indexed": true,
        "internalType": "contract IBribe",
        "name": "bribe",
        "type": "address"
      }
    ],
    "name": "BribeAttached",
    "type": "event"
  },
  {
    "anonymous": false,
    "inputs": [
      {
        "indexed": true,
        "internalType": "contract IGauge",
        "name": "gauge",
        "type": "address"
      },
      {
        "indexed": true,
        "internalType": "contract IBribe",
        "name": "bribe",
        "type": "address"
      }
    ],
    "name": "BribeKilled",
    "type": "event"
  },
  {
    "anonymous": false,
    "inputs": [
      {
        "indexed": true,
        "internalType": "contract IConverter",
        "name": "pool",
        "type": "address"
      },
      {
        "indexed": true,
        "internalType": "address",
        "name": "user",
        "type": "address"
      },
      {
        "indexed": false,
        "internalType": "Token[]",
        "name": "tokenRef",
        "type": "bytes32[]"
      },
      {
        "indexed": false,
        "internalType": "int128[]",
        "name": "delta",
        "type": "int128[]"
      }
    ],
    "name": "Convert",
    "type": "event"
  },
  {
    "anonymous": false,
    "inputs": [
      {
        "components": [
          {
            "internalType": "address",
            "name": "facetAddress",
            "type": "address"
          },
          {
            "internalType": "enum VaultStorage.FacetCutAction",
            "name": "action",
            "type": "uint8"
          },
          {
            "internalType": "bytes4[]",
            "name": "functionSelectors",
            "type": "bytes4[]"
          }
        ],
        "indexed": false,
        "internalType": "struct VaultStorage.FacetCut[]",
        "name": "_diamondCut",
        "type": "tuple[]"
      },
      {
        "indexed": false,
        "internalType": "address",
        "name": "_init",
        "type": "address"
      },
      {
        "indexed": false,
        "internalType": "bytes",
        "name": "_calldata",
        "type": "bytes"
      }
    ],
    "name": "DiamondCut",
    "type": "event"
  },
  {
    "anonymous": false,
    "inputs": [
      {
        "indexed": true,
        "internalType": "contract IGauge",
        "name": "pool",
        "type": "address"
      },
      {
        "indexed": true,
        "internalType": "address",
        "name": "user",
        "type": "address"
      },
      {
        "indexed": false,
        "internalType": "Token[]",
        "name": "tokenRef",
        "type": "bytes32[]"
      },
      {
        "indexed": false,
        "internalType": "int128[]",
        "name": "delta",
        "type": "int128[]"
      }
    ],
    "name": "Gauge",
    "type": "event"
  },
  {
    "anonymous": false,
    "inputs": [
      {
        "indexed": true,
        "internalType": "contract IGauge",
        "name": "gauge",
        "type": "address"
      },
      {
        "indexed": false,
        "internalType": "bool",
        "name": "killed",
        "type": "bool"
      }
    ],
    "name": "GaugeKilled",
    "type": "event"
  },
  {
    "anonymous": false,
    "inputs": [
      {
        "indexed": true,
        "internalType": "contract ISwap",
        "name": "pool",
        "type": "address"
      },
      {
        "indexed": true,
        "internalType": "address",
        "name": "user",
        "type": "address"
      },
      {
        "indexed": false,
        "internalType": "Token[]",
        "name": "tokenRef",
        "type": "bytes32[]"
      },
      {
        "indexed": false,
        "internalType": "int128[]",
        "name": "delta",
        "type": "int128[]"
      }
    ],
    "name": "Swap",
    "type": "event"
  },
  {
    "anonymous": false,
    "inputs": [
      {
        "indexed": true,
        "internalType": "address",
        "name": "to",
        "type": "address"
      },
      {
        "indexed": true,
        "internalType": "address",
        "name": "from",
        "type": "address"
      },
      {
        "indexed": false,
        "internalType": "Token[]",
        "name": "tokenRef",
        "type": "bytes32[]"
      },
      {
        "indexed": false,
        "internalType": "int128[]",
        "name": "delta",
        "type": "int128[]"
      }
    ],
    "name": "UserBalance",
    "type": "event"
  },
  {
    "anonymous": false,
    "inputs": [
      {
        "indexed": true,
        "internalType": "contract IGauge",
        "name": "pool",
        "type": "address"
      },
      {
        "indexed": true,
        "internalType": "address",
        "name": "user",
        "type": "address"
      },
      {
        "indexed": false,
        "internalType": "int256",
        "name": "voteDelta",
        "type": "int256"
      }
    ],
    "name": "Vote",
    "type": "event"
  },
  {
    "inputs": [],
    "name": "canonicalPoolLength",
    "outputs": [
      {
        "internalType": "uint256",
        "name": "",
        "type": "uint256"
      }
    ],
    "stateMutability": "nonpayable",
    "type": "function"
  },
  {
    "inputs": [
      {
        "internalType": "address",
        "name": "user",
        "type": "address"
      },
      {
        "internalType": "uint256",
        "name": "begin",
        "type": "uint256"
      },
      {
        "internalType": "uint256",
        "name": "maxLength",
        "type": "uint256"
      }
    ],
    "name": "canonicalPools",
    "outputs": [
      {
        "components": [
          {
            "internalType": "address",
            "name": "gauge",
            "type": "address"
          },
          {
            "components": [
              {
                "internalType": "address",
                "name": "pool",
                "type": "address"
              },
              {
                "internalType": "string",
                "name": "poolType",
                "type": "string"
              },
              {
                "internalType": "Token[]",
                "name": "lpTokens",
                "type": "bytes32[]"
              },
              {
                "internalType": "uint256[]",
                "name": "mintedLPTokens",
                "type": "uint256[]"
              },
              {
                "internalType": "Token[]",
                "name": "listedTokens",
                "type": "bytes32[]"
              },
              {
                "internalType": "uint256[]",
                "name": "reserves",
                "type": "uint256[]"
              },
              {
                "internalType": "bytes",
                "name": "poolParams",
                "type": "bytes"
              }
            ],
            "internalType": "struct PoolData",
            "name": "poolData",
            "type": "tuple"
          },
          {
            "internalType": "bool",
            "name": "killed",
            "type": "bool"
          },
          {
            "internalType": "uint256",
            "name": "totalVotes",
            "type": "uint256"
          },
          {
            "internalType": "uint256",
            "name": "userVotes",
            "type": "uint256"
          },
          {
            "internalType": "uint256",
            "name": "userClaimable",
            "type": "uint256"
          },
          {
            "internalType": "uint256",
            "name": "emissionRate",
            "type": "uint256"
          },
          {
            "internalType": "uint256",
            "name": "userEmissionRate",
            "type": "uint256"
          },
          {
            "internalType": "uint256",
            "name": "stakedValueInHubToken",
            "type": "uint256"
          },
          {
            "internalType": "uint256",
            "name": "userStakedValueInHubToken",
            "type": "uint256"
          },
          {
            "internalType": "uint256",
            "name": "averageInterestRatePerSecond",
            "type": "uint256"
          },
          {
            "internalType": "uint256",
            "name": "userInterestRatePerSecond",
            "type": "uint256"
          },
          {
            "internalType": "Token[]",
            "name": "stakeableTokens",
            "type": "bytes32[]"
          },
          {
            "internalType": "uint256[]",
            "name": "stakedAmounts",
            "type": "uint256[]"
          },
          {
            "internalType": "uint256[]",
            "name": "userStakedAmounts",
            "type": "uint256[]"
          },
          {
            "internalType": "Token[]",
            "name": "underlyingTokens",
            "type": "bytes32[]"
          },
          {
            "internalType": "uint256[]",
            "name": "stakedUnderlying",
            "type": "uint256[]"
          },
          {
            "internalType": "uint256[]",
            "name": "userUnderlying",
            "type": "uint256[]"
          },
          {
            "components": [
              {
                "internalType": "Token[]",
                "name": "tokens",
                "type": "bytes32[]"
              },
              {
                "internalType": "uint256[]",
                "name": "rates",
                "type": "uint256[]"
              },
              {
                "internalType": "uint256[]",
                "name": "userClaimable",
                "type": "uint256[]"
              },
              {
                "internalType": "uint256[]",
                "name": "userRates",
                "type": "uint256[]"
              }
            ],
            "internalType": "struct BribeData[]",
            "name": "bribes",
            "type": "tuple[]"
          }
        ],
        "internalType": "struct GaugeData[]",
        "name": "gaugeDataArray",
        "type": "tuple[]"
      }
    ],
    "stateMutability": "nonpayable",
    "type": "function"
  },
  {
    "inputs": [
      {
        "internalType": "contract IPool",
        "name": "poolAddr",
        "type": "address"
      },
      {
        "internalType": "Token",
        "name": "token",
        "type": "bytes32"
      }
    ],
    "name": "getPoolBalance",
    "outputs": [
      {
        "internalType": "uint256",
        "name": "",
        "type": "uint256"
      }
    ],
    "stateMutability": "view",
    "type": "function"
  },
  {
    "inputs": [
      {
        "internalType": "address",
        "name": "gauge",
        "type": "address"
      },
      {
        "internalType": "address",
        "name": "user",
        "type": "address"
      }
    ],
    "name": "queryGauge",
    "outputs": [
      {
        "components": [
          {
            "internalType": "address",
            "name": "gauge",
            "type": "address"
          },
          {
            "components": [
              {
                "internalType": "address",
                "name": "pool",
                "type": "address"
              },
              {
                "internalType": "string",
                "name": "poolType",
                "type": "string"
              },
              {
                "internalType": "Token[]",
                "name": "lpTokens",
                "type": "bytes32[]"
              },
              {
                "internalType": "uint256[]",
                "name": "mintedLPTokens",
                "type": "uint256[]"
              },
              {
                "internalType": "Token[]",
                "name": "listedTokens",
                "type": "bytes32[]"
              },
              {
                "internalType": "uint256[]",
                "name": "reserves",
                "type": "uint256[]"
              },
              {
                "internalType": "bytes",
                "name": "poolParams",
                "type": "bytes"
              }
            ],
            "internalType": "struct PoolData",
            "name": "poolData",
            "type": "tuple"
          },
          {
            "internalType": "bool",
            "name": "killed",
            "type": "bool"
          },
          {
            "internalType": "uint256",
            "name": "totalVotes",
            "type": "uint256"
          },
          {
            "internalType": "uint256",
            "name": "userVotes",
            "type": "uint256"
          },
          {
            "internalType": "uint256",
            "name": "userClaimable",
            "type": "uint256"
          },
          {
            "internalType": "uint256",
            "name": "emissionRate",
            "type": "uint256"
          },
          {
            "internalType": "uint256",
            "name": "userEmissionRate",
            "type": "uint256"
          },
          {
            "internalType": "uint256",
            "name": "stakedValueInHubToken",
            "type": "uint256"
          },
          {
            "internalType": "uint256",
            "name": "userStakedValueInHubToken",
            "type": "uint256"
          },
          {
            "internalType": "uint256",
            "name": "averageInterestRatePerSecond",
            "type": "uint256"
          },
          {
            "internalType": "uint256",
            "name": "userInterestRatePerSecond",
            "type": "uint256"
          },
          {
            "internalType": "Token[]",
            "name": "stakeableTokens",
            "type": "bytes32[]"
          },
          {
            "internalType": "uint256[]",
            "name": "stakedAmounts",
            "type": "uint256[]"
          },
          {
            "internalType": "uint256[]",
            "name": "userStakedAmounts",
            "type": "uint256[]"
          },
          {
            "internalType": "Token[]",
            "name": "underlyingTokens",
            "type": "bytes32[]"
          },
          {
            "internalType": "uint256[]",
            "name": "stakedUnderlying",
            "type": "uint256[]"
          },
          {
            "internalType": "uint256[]",
            "name": "userUnderlying",
            "type": "uint256[]"
          },
          {
            "components": [
              {
                "internalType": "Token[]",
                "name": "tokens",
                "type": "bytes32[]"
              },
              {
                "internalType": "uint256[]",
                "name": "rates",
                "type": "uint256[]"
              },
              {
                "internalType": "uint256[]",
                "name": "userClaimable",
                "type": "uint256[]"
              },
              {
                "internalType": "uint256[]",
                "name": "userRates",
                "type": "uint256[]"
              }
            ],
            "internalType": "struct BribeData[]",
            "name": "bribes",
            "type": "tuple[]"
          }
        ],
        "internalType": "struct GaugeData",
        "name": "poolData",
        "type": "tuple"
      }
    ],
    "stateMutability": "nonpayable",
    "type": "function"
  },
  {
    "inputs": [
      {
        "internalType": "address",
        "name": "pool",
        "type": "address"
      }
    ],
    "name": "queryPool",
    "outputs": [
      {
        "components": [
          {
            "internalType": "address",
            "name": "pool",
            "type": "address"
          },
          {
            "internalType": "string",
            "name": "poolType",
            "type": "string"
          },
          {
            "internalType": "Token[]",
            "name": "lpTokens",
            "type": "bytes32[]"
          },
          {
            "internalType": "uint256[]",
            "name": "mintedLPTokens",
            "type": "uint256[]"
          },
          {
            "internalType": "Token[]",
            "name": "listedTokens",
            "type": "bytes32[]"
          },
          {
            "internalType": "uint256[]",
            "name": "reserves",
            "type": "uint256[]"
          },
          {
            "internalType": "bytes",
            "name": "poolParams",
            "type": "bytes"
          }
        ],
        "internalType": "struct PoolData",
        "name": "ret",
        "type": "tuple"
      }
    ],
    "stateMutability": "nonpayable",
    "type": "function"
  },
  {
    "inputs": [
      {
        "internalType": "contract ISwap",
        "name": "swap",
        "type": "address"
      },
      {
        "internalType": "Token",
        "name": "base",
        "type": "bytes32"
      },
      {
        "internalType": "Token",
        "name": "quote",
        "type": "bytes32"
      },
      {
        "internalType": "uint256",
        "name": "baseAmount",
        "type": "uint256"
      }
    ],
    "name": "spotPrice",
    "outputs": [
      {
        "internalType": "uint256",
        "name": "",
        "type": "uint256"
      }
    ],
    "stateMutability": "nonpayable",
    "type": "function"
  },
  {
    "inputs": [
      {
        "internalType": "Token",
        "name": "quote",
        "type": "bytes32"
      },
      {
        "internalType": "Token[]",
        "name": "tok",
        "type": "bytes32[]"
      },
      {
        "internalType": "uint256[]",
        "name": "amount",
        "type": "uint256[]"
      }
    ],
    "name": "spotPrice",
    "outputs": [
      {
        "internalType": "uint256",
        "name": "",
        "type": "uint256"
      }
    ],
    "stateMutability": "nonpayable",
    "type": "function"
  },
  {
    "inputs": [
      {
        "internalType": "Token",
        "name": "base",
        "type": "bytes32"
      },
      {
        "internalType": "Token",
        "name": "quote",
        "type": "bytes32"
      },
      {
        "internalType": "uint256",
        "name": "amount",
        "type": "uint256"
      }
    ],
    "name": "spotPrice",
    "outputs": [
      {
        "internalType": "uint256",
        "name": "",
        "type": "uint256"
      }
    ],
    "stateMutability": "nonpayable",
    "type": "function"
  },
  {
    "inputs": [
      {
        "internalType": "address",
        "name": "user",
        "type": "address"
      },
      {
        "internalType": "Token[]",
        "name": "ts",
        "type": "bytes32[]"
      }
    ],
    "name": "userBalances",
    "outputs": [
      {
        "internalType": "uint256[]",
        "name": "balances",
        "type": "uint256[]"
      }
    ],
    "stateMutability": "view",
    "type": "function"
  },
  {
    "inputs": [
      {
        "internalType": "address",
        "name": "user",
        "type": "address"
      }
    ],
    "name": "wombatGauges",
    "outputs": [
      {
        "components": [
          {
            "internalType": "address",
            "name": "gauge",
            "type": "address"
          },
          {
            "components": [
              {
                "internalType": "address",
                "name": "pool",
                "type": "address"
              },
              {
                "internalType": "string",
                "name": "poolType",
                "type": "string"
              },
              {
                "internalType": "Token[]",
                "name": "lpTokens",
                "type": "bytes32[]"
              },
              {
                "internalType": "uint256[]",
                "name": "mintedLPTokens",
                "type": "uint256[]"
              },
              {
                "internalType": "Token[]",
                "name": "listedTokens",
                "type": "bytes32[]"
              },
              {
                "internalType": "uint256[]",
                "name": "reserves",
                "type": "uint256[]"
              },
              {
                "internalType": "bytes",
                "name": "poolParams",
                "type": "bytes"
              }
            ],
            "internalType": "struct PoolData",
            "name": "poolData",
            "type": "tuple"
          },
          {
            "internalType": "bool",
            "name": "killed",
            "type": "bool"
          },
          {
            "internalType": "uint256",
            "name": "totalVotes",
            "type": "uint256"
          },
          {
            "internalType": "uint256",
            "name": "userVotes",
            "type": "uint256"
          },
          {
            "internalType": "uint256",
            "name": "userClaimable",
            "type": "uint256"
          },
          {
            "internalType": "uint256",
            "name": "emissionRate",
            "type": "uint256"
          },
          {
            "internalType": "uint256",
            "name": "userEmissionRate",
            "type": "uint256"
          },
          {
            "internalType": "uint256",
            "name": "stakedValueInHubToken",
            "type": "uint256"
          },
          {
            "internalType": "uint256",
            "name": "userStakedValueInHubToken",
            "type": "uint256"
          },
          {
            "internalType": "uint256",
            "name": "averageInterestRatePerSecond",
            "type": "uint256"
          },
          {
            "internalType": "uint256",
            "name": "userInterestRatePerSecond",
            "type": "uint256"
          },
          {
            "internalType": "Token[]",
            "name": "stakeableTokens",
            "type": "bytes32[]"
          },
          {
            "internalType": "uint256[]",
            "name": "stakedAmounts",
            "type": "uint256[]"
          },
          {
            "internalType": "uint256[]",
            "name": "userStakedAmounts",
            "type": "uint256[]"
          },
          {
            "internalType": "Token[]",
            "name": "underlyingTokens",
            "type": "bytes32[]"
          },
          {
            "internalType": "uint256[]",
            "name": "stakedUnderlying",
            "type": "uint256[]"
          },
          {
            "internalType": "uint256[]",
            "name": "userUnderlying",
            "type": "uint256[]"
          },
          {
            "components": [
              {
                "internalType": "Token[]",
                "name": "tokens",
                "type": "bytes32[]"
              },
              {
                "internalType": "uint256[]",
                "name": "rates",
                "type": "uint256[]"
              },
              {
                "internalType": "uint256[]",
                "name": "userClaimable",
                "type": "uint256[]"
              },
              {
                "internalType": "uint256[]",
                "name": "userRates",
                "type": "uint256[]"
              }
            ],
            "internalType": "struct BribeData[]",
            "name": "bribes",
            "type": "tuple[]"
          }
        ],
        "internalType": "struct GaugeData[]",
        "name": "gaugeDataArray",
        "type": "tuple[]"
      }
    ],
    "stateMutability": "nonpayable",
    "type": "function"
  }
]
